{"cameraMode":{"drawMode":0,"name":"Shaded","section":"Shading Mode"},"sceneLighting":false,"audioPlay":false,"sceneViewState":{"showFog":true,"showMaterialUpdate":false,"showSkybox":true,"showFlares":true,"showImageEffects":true,"showParticleSystems":true},"in2DMode":false,"pivot":{"x":-5.662201404571533,"y":-4.462542533874512,"z":-4.353497505187988},"rotation":{"x":0.4411807358264923,"y":0.1629066914319992,"z":-0.08179260045289993,"w":0.8787098526954651},"size":19.09092903137207,"orthographic":false}