{"cameraMode":{"drawMode":0,"name":"Shaded","section":"Shading Mode"},"sceneLighting":false,"audioPlay":false,"sceneViewState":{"showFog":true,"showMaterialUpdate":false,"showSkybox":true,"showFlares":true,"showImageEffects":true,"showParticleSystems":true},"in2DMode":false,"pivot":{"x":-1.5933001041412354,"y":0.8980571031570435,"z":0.310852587223053},"rotation":{"x":0.075126051902771,"y":0.05413197726011276,"z":-0.004085194785147905,"w":0.9956953525543213},"size":6.101499557495117,"orthographic":false}