{"cameraMode":{"drawMode":0,"name":"Shaded","section":"Shading Mode"},"sceneLighting":false,"audioPlay":false,"sceneViewState":{"showFog":true,"showMaterialUpdate":false,"showSkybox":true,"showFlares":true,"showImageEffects":true,"showParticleSystems":true},"in2DMode":false,"pivot":{"x":3.9206628799438478,"y":-1.0426329374313355,"z":0.14893093705177308},"rotation":{"x":0.28556427359580996,"y":0.0362267792224884,"z":-0.010804000310599804,"w":0.9576136469841003},"size":22.381895065307618,"orthographic":false}