{"cameraMode":{"drawMode":0,"name":"Shaded","section":"Shading Mode"},"sceneLighting":false,"audioPlay":false,"sceneViewState":{"showFog":true,"showMaterialUpdate":false,"showSkybox":true,"showFlares":true,"showImageEffects":true,"showParticleSystems":true},"in2DMode":false,"pivot":{"x":-0.30000001192092898,"y":0.30000001192092898,"z":0.0},"rotation":{"x":-0.01944373920559883,"y":0.481773316860199,"z":0.010692194104194641,"w":0.8760148882865906},"size":5.14523458480835,"orthographic":false}