{"cameraMode":{"drawMode":0,"name":"Shaded","section":"Shading Mode"},"sceneLighting":false,"audioPlay":false,"sceneViewState":{"showFog":true,"showMaterialUpdate":false,"showSkybox":true,"showFlares":true,"showImageEffects":true,"showParticleSystems":true},"in2DMode":false,"pivot":{"x":-0.30000001192092898,"y":0.30000001192092898,"z":0.0},"rotation":{"x":0.23496069014072419,"y":0.11227388679981232,"z":-0.02733428403735161,"w":0.9651119112968445},"size":2.838136911392212,"orthographic":false}