{"cameraMode":{"drawMode":0,"name":"Shaded","section":"Shading Mode"},"sceneLighting":false,"audioPlay":false,"sceneViewState":{"showFog":true,"showMaterialUpdate":false,"showSkybox":true,"showFlares":true,"showImageEffects":true,"showParticleSystems":true},"in2DMode":false,"pivot":{"x":-4.670000076293945,"y":-0.4300000071525574,"z":-4.353497505187988},"rotation":{"x":0.2855643033981323,"y":0.0362267829477787,"z":-0.010804001241922379,"w":0.9576137065887451},"size":5.261748790740967,"orthographic":false}